Block,#,Code,Description,Block,#,Code,Description,Block,#,Code,Description
,1,PLPHMNCLA,Done,,33,PHPHMNCLA,Done,,65,PLPHMCCLA,Done
,2,PHPLMCCHA,Plough Low Pressure,,34,PLPHMCCLA,Done,,66,PLPLMCCHA,Plough Low Pressure
,3,PLPHMNCHA,Plough Low Pressure,,35,PLPHMNCHA,Plough Low Pressure,,67,PLPHMNCHA,Plough Low Pressure
,4,PHPLMNCLA,Plough High Pressure,,36,PHPLMNCHA,Plough Low Pressure,,68,PHPHMCCHA,Plough Low Pressure
,5,PLPLMNCHA,Plough Low Pressure,,37,PLPLMCCHA,Plough Low Pressure,,69,PHPLMNCHA,Plough Low Pressure
,6,PLPLMNCLA,Plough Low Pressure,,38,PLPHMCCHA,Plough Low Pressure,,70,PLPLMNCLA,Plough Low Pressure
,7,PHPLMNCHA,Plough Low Pressure,,39,PHPLMCCHA,Plough Low Pressure,,71,PHPHMNCHA,Plough Low Pressure
Block 1,8,PHPHMNCLA,Done,Block 2,40,PLPHMNCLA,Done,Block 3,72,PHPLMNCLA,Plough High pressure
 ,9,PHPHMCCLA,Done,,41,PHPLMCCLA,Plough High Pressure,,73,PHPHMNCLA,Done
,10,PLPHMCCLA,Done,,42,PLPLMNCHA,Plough Low Pressure,,74,PLPHMNCLA,Done
,11,PHPHMCCHA,Plough Low Pressure,,43,PHPHMCCLA,Done,,75,PHPHMCCLA,Done
,12,PLPLMCCHA,Plough Low Pressure,,44,PLPLMNCLA,Plough Low Pressure,,76,PHPLMCCHA,Plough Low Pressure
,13,PLPHMCCHA,Plough Low Pressure,,45,PHPHMCCHA,Plough Low Pressure,,77,PLPHMCCHA,Plough Low Pressure
,14,PHPLMCCLA,Plough High Pressure,,46,PHPLMNCLA,Plough High Pressure,,78,PHPLMCCLA,Plough High Pressure
,15,PHPHMNCHA,Plough Low Pressure,,47,PLPLMCCLA,Plough Low Pressure,,79,PLPLMCCLA,Plough Low Pressure
,16,PLPLMCCLA,Plough Low Pressure,,48,PHPHMNCHA,Plough Low Pressure,,80,PLPLMNCHA,Plough Low Pressure
,17,MHPHMCCLA,Done,,49,MLPHMCCLA,Done,,81,MLPLMCCHA,Min Till Low Pressure
,18,MHPLMNCHA,Min Till Low Pressure,,50,MHPHMNCHA,Min Till Low Pressure,,82,MHPHMNCLA,Done
,19,MLPHMNCHA,Min Till Low Pressure,,51,MHPLMNCLA,Min Till High Pressure,,83,MHPLMNCHA,Min Till Low Pressure
,20,MHPHMNCLA,Done  ,,52,MHPHMCCHA,Min Till Low Pressure,,84,MHPHMNCHA,Min Till Low Pressure
,21,MLPLMCCHA,Min Till Low Pressure,,53,MLPLMNCHA,Min Till Low Pressure,,85,MHPLMCCLA,"Min Till, High pressure"
,22,MHPLMCCHA,Min Till Low Pressure,,54,MHPHMCCLA,Done,,86,MLPHMCCLA,Done
,23,MHPLMCCLA,Min Till High Pressure,,55,MLPHMCCHA,Min Till Low Pressure,,87,MHPLMNCLA,Min Till High Pressure
Block 1,24,MLPHMCCHA,Min Till Low Pressure,Block 2,56,MLPHMNCHA,Min Till Low Pressure,Block 3,88,MHPLMCCHA,Min Till Low Pressure
,25,MLPLMNCLA,Min Till Low Pressure,,57,MLPLMCCHA,Min Till Low Pressure,,89,MLPHMNCHA,Min Till Low Pressure
,26,MHPLMNCLA,Min Till High Pressure,,58,MLPHMNCLA,Done,,90,MLPLMNCHA,Min Till Low Pressure
,27,MLPLMNCHA,Min Till Low Pressure,,59,MHPLMCCHA,Min Till Low Pressure,,91,MLPHMCCHA,Min Till Low Pressure
,28,MHPHMCCHA,Min Till Low Pressure,,60,MHPHMNCLA,Done,,92,MLPLMNCLA,Min Till Low Pressure
,29,MLPLMCCLA,Min Till Low Pressure,,61,MHPLMCCLA,Min Till High Pressure,,93,MLPHMNCLA,Done
,30,MLPHMNCLA,Done,,62,MLPLMCCLA,Min Till Low Pressure,,94,MHPHMCCHA,Min Till Low Pressure
,31,MHPHMNCHA,Min Till Low Pressure,,63,MHPLMNCHA,Min Till Low Pressure,,95,MHPHMCCLA,Done
,32,MLPHMCCLA,Done,,64,MLPLMNCLA,Min Till Low Pressure,,96,MLPLMCCLA,Min Till Low Pressure